uid,ccuname,time,q1mcr,q1txr,q2mcr,q3mcr,validity,confidence
1,ccu1,27/2/2018 13:01,a,"Signal A has the shortest period so it has the highest frequency. Frequency equals one over the period.",b,d,correct,high
2,ccu1,27/2/2018 13:02,a,"frequency is the inverse of period.",b,d,correct,high
3,ccu1,27/2/2018 13:04,a,"A because it completes the most cycles in the given time window. More cycles per unit time means higher frequency.",c,d,correct,high
4,ccu1,27/2/2018 13:06,a,"Period is the inverse of frequency.",c,d,correct,high
5,ccu1,27/2/2018 13:09,a,"Signal A oscillates fastest. f = 1/T and T is smallest for A.",d,c,correct,high
6,ccu1,27/2/2018 23:21,a,"Because Signal (a) has the shortest period, therefore the greatest frequency (f = 1/T)",b,a,correct,high
7,ccu1,27/2/2018 23:22,a,"the amplitude of the signal is the greatest in (a).",b,a,incorrect,high
8,ccu1,27/2/2018 23:23,a,"this is a random sentence I am typing right now.",b,a,incorrect,low
9,ccu1,27/2/2018 23:25,a,"i like signals.",c,d,incorrect,low
10,ccu1,28/2/2018 9:01,a,"I think its A but not sure? maybe because it looks fastest?",b,d,correct,low
11,ccu1,28/2/2018 9:05,b,"Signal B has the biggest peaks so it must be highest frequency.",c,a,incorrect,high
12,ccu1,28/2/2018 9:08,a,"A has the most oscillations per second which is the definition of frequency.",b,d,correct,high
13,ccu1,28/2/2018 9:12,c,"I think C because it looks smooth and smooth signals are higher frequency.",d,a,incorrect,high
14,ccu1,28/2/2018 9:15,a,"htet",b,c,incorrect,low
15,ccu1,28/2/2018 9:20,d,"D has the largest amplitude swings which means more energy and higher frequency.",c,b,incorrect,high
16,ccu1,28/2/2018 10:01,a,"Picked A. Frequency has something to do with how fast it repeats but I am not confident.",b,d,correct,low
17,ccu1,28/2/2018 10:15,a,"The period of A is the shortest among all four signals. Since f = 1/T the shortest period gives the highest frequency.",c,d,correct,high
18,ccu1,28/2/2018 10:22,b,"B looks like it has the tallest peaks so I went with that one.",d,a,incorrect,low
19,ccu1,28/2/2018 10:30,a,"A completes more full cycles in the same timeframe than the others.",b,c,correct,high
20,ccu1,28/2/2018 10:45,a,"guess",c,d,incorrect,low
21,ccu2,1/3/2018 14:01,b,"The signal is periodic so it can be decomposed into harmonics using the Fourier series. The fundamental frequency is determined by the period.",a,c,correct,high
22,ccu2,1/3/2018 14:05,b,"Fourier series represents periodic signals as sums of sinusoids at integer multiples of the fundamental frequency.",a,d,correct,high
23,ccu2,1/3/2018 14:08,a,"I think the signal is just a single sine wave so it only has one frequency component.",c,d,incorrect,high
24,ccu2,1/3/2018 14:12,b,"Since the signal repeats we can express it as a Fourier series with a DC component plus harmonics.",a,c,correct,high
25,ccu2,1/3/2018 14:15,b,"The period T gives the fundamental frequency f0 = 1/T and the Fourier series builds the signal from harmonics at multiples of f0.",d,c,correct,high
26,ccu2,1/3/2018 14:20,c,"The Fourier series only works for infinite signals so this finite segment cannot be decomposed.",b,a,incorrect,high
27,ccu2,1/3/2018 14:25,d,"I chose D because the signal looks like it has the most harmonics based on how jagged it appears.",a,b,incorrect,low
28,ccu2,1/3/2018 14:30,a,"The signal is aperiodic so the Fourier transform should be used instead of the series.",c,d,incorrect,high
29,ccu2,1/3/2018 14:35,b,"A periodic signal can be expressed as a weighted sum of complex exponentials or equivalently sines and cosines through the Fourier series.",a,c,correct,high
30,ccu2,1/3/2018 14:40,c,"not sure but I think the answer involves integrating the signal and finding where it crosses zero?",b,a,incorrect,low
31,ccu2,1/3/2018 15:01,b,"the coefficients a_n and b_n are found by integrating over one period. They capture the amplitude of each harmonic component.",a,d,correct,high
32,ccu2,1/3/2018 15:10,a,"I just guessed A. I do not really understand Fourier series yet.",c,b,incorrect,low
33,ccu2,1/3/2018 15:15,d,"I think the Fourier series only applies to square waves and this signal is not a square wave.",b,a,incorrect,high
34,ccu2,1/3/2018 15:20,b,"The shape of the signal determines which Fourier coefficients are zero and which are nonzero.",a,c,correct,high
35,ccu2,1/3/2018 15:25,b,"fourier series breaks a periodic signal into sine and cosine parts.",a,d,correct,high
36,ccu3,5/3/2018 10:01,b,"The Fourier transform of a rectangular pulse in time is a sinc function in frequency. The width of the rect determines the width of the sinc.",c,a,correct,high
37,ccu3,5/3/2018 10:05,b,"A rect function transforms to a sinc. This is a standard transform pair.",c,d,correct,high
38,ccu3,5/3/2018 10:10,a,"I think the frequency domain is also a rectangle because the shape should be preserved.",d,c,incorrect,high
39,ccu3,5/3/2018 10:15,b,"The narrower the rectangle in time the wider the sinc in frequency. This is the inverse relationship of the Fourier transform.",c,a,correct,high
40,ccu3,5/3/2018 10:20,c,"The transform should be a series of impulses because the signal has sharp edges.",a,d,incorrect,high
41,ccu3,5/3/2018 10:25,d,"I chose D because the frequency domain should look like a triangle since the rect has a flat top.",b,c,incorrect,low
42,ccu3,5/3/2018 10:30,b,"rect and sinc are a Fourier transform pair. The rectangular pulse in time becomes a sinc function in the frequency domain.",c,a,correct,high
43,ccu3,5/3/2018 10:35,a,"The rectangular function becomes a delta function in frequency because it has constant amplitude.",d,b,incorrect,high
44,ccu3,5/3/2018 10:40,b,"The answer is B. The Fourier transform of a rectangular function is sinc and the scaling relationship means a wider rect gives a narrower sinc.",c,a,correct,high
45,ccu3,5/3/2018 10:45,c,"The sharp corners of the rectangle create high frequency components that look like spikes?",a,d,incorrect,low
46,ccu3,5/3/2018 11:01,b,"Standard Fourier pair: rect in time gives sinc in frequency.",c,a,correct,high
47,ccu3,5/3/2018 11:10,d,"I think the transform of a rectangle should look like an exponential decay.",b,c,incorrect,low
48,ccu3,5/3/2018 11:15,a,"the frequency domain should mirror the time domain shape so it should also be rectangular.",d,b,incorrect,high
49,ccu3,5/3/2018 11:20,b,"The inverse relationship between time and frequency widths is a key property of the Fourier transform. Rect transforms to sinc.",c,a,correct,high
50,ccu3,5/3/2018 11:25,b,"sinc function. the main lobe width is inversely proportional to the pulse width.",c,d,correct,high
51,ccu4,8/3/2018 13:01,c,"The output y(t) is found by convolving x(t) with h(t). Convolution involves flipping one signal sliding it across the other and integrating the product at each time shift.",a,b,correct,high
52,ccu4,8/3/2018 13:05,c,"To find the output we convolve the input with the impulse response. The resulting signal has a duration equal to the sum of the durations of x(t) and h(t).",a,d,correct,high
53,ccu4,8/3/2018 13:10,a,"I think you just multiply x(t) and h(t) together to get the output.",d,b,incorrect,high
54,ccu4,8/3/2018 13:15,c,"Convolution of two rectangular pulses gives a triangular pulse. The peak occurs where the overlap is maximum.",a,b,correct,high
55,ccu4,8/3/2018 13:20,b,"The output should be the sum of x(t) and h(t) since the system combines them.",c,a,incorrect,high
56,ccu4,8/3/2018 13:25,d,"The output of an LTI system is always the same shape as the input just scaled by h(t).",a,c,incorrect,low
57,ccu4,8/3/2018 13:30,c,"y(t) = x(t) * h(t) where * is convolution. I flip h(t) and slide it along x(t) and compute the overlap integral at each point.",a,b,correct,high
58,ccu4,8/3/2018 13:35,a,"The output is x(t) times h(t) because that is what the block diagram shows.",d,c,incorrect,high
59,ccu4,8/3/2018 13:40,b,"I think convolution is the same as correlation so the output should look like the cross-correlation.",c,a,incorrect,low
60,ccu4,8/3/2018 13:45,c,"two rectangles convolved give a triangle. the duration is the sum of both pulse widths.",a,b,correct,high
61,ccu4,8/3/2018 14:01,c,"The graphical method shows you flip h and slide it. Where the two signals overlap you integrate to get the output value at that point.",a,d,correct,high
62,ccu4,8/3/2018 14:10,d,"I think the output is h(t) evaluated at the points where x(t) is nonzero.",b,c,incorrect,low
63,ccu4,8/3/2018 14:15,a,"just multiplied them together pointwise.",d,b,incorrect,low
64,ccu4,8/3/2018 14:20,c,"convolution. flip and shift method gives triangle output.",a,b,correct,high
65,ccu4,8/3/2018 14:25,b,"I added the two signals together to get the output.",c,a,incorrect,high
66,ccu5,12/3/2018 9:01,a,"Modulation by cos(2at) shifts the spectrum. The Laplace transform of p(t)cos(2at) creates two copies of P(s) shifted by plus and minus 2a along the frequency axis.",c,b,correct,high
67,ccu5,12/3/2018 9:05,a,"Using the modulation theorem multiplication by cosine in the time domain corresponds to frequency shifting in the s-domain creating symmetric copies of the original spectrum.",c,d,correct,high
68,ccu5,12/3/2018 9:10,b,"I think multiplying by cosine just scales the magnitude of the Laplace transform without shifting it.",a,c,incorrect,high
69,ccu5,12/3/2018 9:15,a,"The frequency shifting property means multiplying p(t) by cos(2at) splits the spectrum into two halves shifted by 2a in both directions.",c,b,correct,high
70,ccu5,12/3/2018 9:20,c,"The cosine multiplication compresses the spectrum rather than shifting it.",a,d,incorrect,high
71,ccu5,12/3/2018 9:25,d,"I chose D because I think the Laplace transform of a product is the product of the individual transforms.",b,a,incorrect,high
72,ccu5,12/3/2018 9:30,a,"I applied the frequency shifting property. Multiplying p(t) by cos(2at) splits the spectrum into two copies.",c,b,correct,high
73,ccu5,12/3/2018 9:35,b,"Multiplying two signals in time means you convolve their Laplace transforms so the shape should change completely.",a,c,incorrect,low
74,ccu5,12/3/2018 9:40,c,"I am not sure about the modulation property so I guessed C based on the shape of the plots?",b,a,incorrect,low
75,ccu5,12/3/2018 9:45,a,"time domain multiplication by cosine produces frequency domain shifting. two copies at plus and minus 2a.",c,b,correct,high
76,ccu5,12/3/2018 10:01,d,"I do not understand Laplace transforms well enough to answer this. I guessed D.",b,a,incorrect,low
77,ccu5,12/3/2018 10:10,a,"the modulation property shifts the original transform. cos creates two symmetric copies in the s-domain.",c,d,correct,high
78,ccu5,12/3/2018 10:15,b,"I think the cosine just adds a DC offset to the Laplace transform.",a,c,incorrect,high
79,ccu5,12/3/2018 10:20,a,"Frequency shifting: cos(2at) in time domain means P(s+j2a) + P(s-j2a) in s-domain divided by 2.",c,b,correct,high
80,ccu5,12/3/2018 10:25,c,"I think multiplying by cosine in time domain means dividing by cosine in the s-domain.",a,d,incorrect,low
81,ccu6,15/3/2018 11:01,b,"To avoid aliasing the sampling frequency must be at least twice the highest frequency component in the signal. This is the Nyquist criterion: fs >= 2fmax.",a,c,correct,high
82,ccu6,15/3/2018 11:05,b,"Signal B can be sampled at 5 Hz without aliasing because its frequency is less than 2.5 Hz which is half the sampling rate.",a,d,correct,high
83,ccu6,15/3/2018 11:10,a,"Signal A can be sampled because it has the highest frequency and higher frequency signals need to be sampled more.",c,b,incorrect,high
84,ccu6,15/3/2018 11:15,b,"The Nyquist theorem states that fs must be greater than 2fmax. At fs = 5 Hz only signals with frequencies below 2.5 Hz can be sampled without aliasing.",a,c,correct,high
85,ccu6,15/3/2018 11:20,c,"I think you can sample any signal at any rate and just lose some quality like MP3 compression.",d,a,incorrect,low
86,ccu6,15/3/2018 11:25,d,"The sampling frequency needs to be equal to the signal frequency so D matches 5 Hz.",b,c,incorrect,high
87,ccu6,15/3/2018 11:30,b,"Aliasing occurs when the sampling rate is too low relative to the signal frequency. The sampling frequency of 5 Hz means the maximum frequency we can capture is 2.5 Hz.",a,c,correct,high
88,ccu6,15/3/2018 11:35,a,"I think aliasing means the signal wraps around so any signal can be sampled as long as fs is positive.",c,d,incorrect,high
89,ccu6,15/3/2018 11:40,b,"The answer is B. The Nyquist rate for signal B is below 5 Hz so it can be sampled correctly.",a,d,correct,high
90,ccu6,15/3/2018 11:45,c,"I chose C because I think the sampling rate needs to be exactly double not just greater than double?",d,b,incorrect,low
91,ccu6,15/3/2018 12:01,b,"fs must exceed 2fmax to avoid aliasing. With fs = 5 Hz fmax must be below 2.5 Hz. Only signal B qualifies.",a,c,correct,high
92,ccu6,15/3/2018 12:10,a,"I think higher sampling rates cause more aliasing so signal A which is fastest should work.",c,d,incorrect,low
93,ccu6,15/3/2018 12:15,b,"Nyquist-Shannon sampling theorem requires fs > 2fmax. At 5 Hz sampling any signal component above 2.5 Hz will alias. Only B is safely below this limit.",a,c,correct,high
94,ccu6,15/3/2018 12:20,d,"I think the signal frequency has to match the sampling frequency exactly for it to work.",b,a,incorrect,high
95,ccu6,15/3/2018 12:25,a,"Aliasing only happens with digital signals not analog ones. Since these are all continuous signals none of them would alias.",c,d,incorrect,high
96,ccu6,15/3/2018 12:30,b,"sampling at 5 Hz captures up to 2.5 Hz per Nyquist. B is the only one under this threshold.",a,c,correct,high
97,ccu1,2/3/2018 9:01,a,"Looking at the time axis signal A repeats the fastest. Frequency equals one divided by the period so the fastest repeating signal has the highest frequency.",b,d,correct,high
98,ccu1,2/3/2018 9:10,d,"I picked D but I am really not sure. I think maybe the one with the biggest peaks is highest frequency?",c,a,incorrect,low
99,ccu2,2/3/2018 14:01,b,"Fourier series decomposes a periodic signal into a sum of sines and cosines at harmonic frequencies. The fundamental is set by the period.",a,c,correct,high
100,ccu2,2/3/2018 14:10,a,"elimination. I narrowed it down to A or B but I am not sure which one.",c,d,incorrect,low
